{
  "VP-001": {
    "r_mean": 0.3985,
    "g_mean": 0.3404,
    "b_mean": 0.2729,
    "brightness": 0.3501,
    "color_temp": 0.1256,
    "saturation": 0.1426,
    "edge_density": 0.034,
    "contrast": 0.2652,
    "hue_bucket": 7,
    "brightness_zones": [
      0.1483,
      0.6784,
      0.3104,
      0.2787,
      0.5839,
      0.4256,
      0.234,
      0.3101,
      0.1933
    ],
    "hist_r": [
      0.21711575255102042,
      0.22482860331632654,
      0.12111367984693877,
      0.08577806122448979,
      0.07073102678571429,
      0.0760921556122449,
      0.10307716836734694,
      0.10126355229591837
    ],
    "hist_g": [
      0.21452487244897958,
      0.2838807397959184,
      0.1350047831632653,
      0.09446747448979592,
      0.08777104591836735,
      0.07182716836734694,
      0.08731265943877552,
      0.02521125637755102
    ],
    "hist_b": [
      0.29221141581632654,
      0.3075573979591837,
      0.14979272959183673,
      0.07384008290816327,
      0.05757732780612245,
      0.06919642857142858,
      0.03280452806122449,
      0.017020089285714284
    ],
    "feature_vector": [
      0.213327,
      0.182224,
      0.14609,
      0.187417,
      0.067237,
      0.076337,
      0.018201,
      0.141968,
      0.535325,
      0.079389,
      0.363164,
      0.166165,
      0.149195,
      0.312576,
      0.227834,
      0.125266,
      0.166004,
      0.103478,
      0.116227,
      0.120356,
      0.064835,
      0.045919,
      0.037864,
      0.040734,
      0.05518,
      0.054209,
      0.11484,
      0.151968,
      0.072271,
      0.050571,
      0.046986,
      0.038451,
      0.046741,
      0.013496,
      0.156428,
      0.164643,
      0.080188,
      0.039528,
      0.030823,
      0.037043,
      0.017561,
      0.009111
    ]
  },
  "VP-002": {
    "r_mean": 0.1912,
    "g_mean": 0.2456,
    "b_mean": 0.3079,
    "brightness": 0.2365,
    "color_temp": -0.1167,
    "saturation": 0.1201,
    "edge_density": 0.0213,
    "contrast": 0.1619,
    "hue_bucket": 7,
    "brightness_zones": [
      0.1669,
      0.2462,
      0.1693,
      0.2914,
      0.3047,
      0.3043,
      0.2026,
      0.2316,
      0.2134
    ],
    "hist_r": [
      0.43845663265306123,
      0.3524593431122449,
      0.09056122448979592,
      0.06132413903061224,
      0.02214205994897959,
      0.02072704081632653,
      0.012715242346938776,
      0.0016143176020408164
    ],
    "hist_g": [
      0.16426179846938777,
      0.5075932716836735,
      0.15764508928571427,
      0.07985889668367346,
      0.045021524234693876,
      0.021484375,
      0.020208864795918366,
      0.003926179846938775
    ],
    "hist_b": [
      0.05249521683673469,
      0.4031608737244898,
      0.2837412308673469,
      0.12541852678571427,
      0.06576849489795919,
      0.03768734056122449,
      0.023995535714285716,
      0.007732780612244898
    ],
    "feature_vector": [
      0.115377,
      0.148204,
      0.185798,
      0.142712,
      -0.070421,
      0.072473,
      0.012853,
      0.097696,
      0.603435,
      0.100713,
      0.148566,
      0.102162,
      0.175841,
      0.183867,
      0.183625,
      0.122256,
      0.139756,
      0.128773,
      0.26458,
      0.212686,
      0.054648,
      0.037005,
      0.013361,
      0.012507,
      0.007673,
      0.000974,
      0.099121,
      0.3063,
      0.095129,
      0.04819,
      0.027168,
      0.012964,
      0.012195,
      0.002369,
      0.031677,
      0.243282,
      0.17122,
      0.075682,
      0.039687,
      0.022742,
      0.01448,
      0.004666
    ]
  },
  "VP-003": {
    "r_mean": 0.232,
    "g_mean": 0.2492,
    "b_mean": 0.2514,
    "brightness": 0.2443,
    "color_temp": -0.0194,
    "saturation": 0.0458,
    "edge_density": 0.0135,
    "contrast": 0.1688,
    "hue_bucket": 7,
    "brightness_zones": [
      0.1965,
      0.304,
      0.1291,
      0.3539,
      0.3685,
      0.2879,
      0.2063,
      0.1854,
      0.1752
    ],
    "hist_r": [
      0.3339046556122449,
      0.3450255102040816,
      0.16374362244897958,
      0.06630660076530612,
      0.04163345025510204,
      0.030552455357142856,
      0.00914779974489796,
      0.009685905612244899
    ],
    "hist_g": [
      0.26717952806122447,
      0.3317323022959184,
      0.23838089923469388,
      0.07391980229591837,
      0.040896045918367346,
      0.029276945153061226,
      0.0074936224489795915,
      0.011120854591836735
    ],
    "hist_b": [
      0.25418526785714285,
      0.3352000956632653,
      0.25003985969387754,
      0.07501594387755102,
      0.03920200892857143,
      0.027004942602040817,
      0.007932079081632654,
      0.011419802295918368
    ],
    "feature_vector": [
      0.143117,
      0.153728,
      0.155085,
      0.150705,
      -0.011968,
      0.028253,
      0.008328,
      0.10413,
      0.616885,
      0.121218,
      0.187533,
      0.07964,
      0.218315,
      0.227322,
      0.177601,
      0.127263,
      0.11437,
      0.108078,
      0.205981,
      0.212841,
      0.101011,
      0.040904,
      0.025683,
      0.018847,
      0.005643,
      0.005975,
      0.164819,
      0.204641,
      0.147053,
      0.0456,
      0.025228,
      0.01806,
      0.004623,
      0.00686,
      0.156803,
      0.20678,
      0.154246,
      0.046276,
      0.024183,
      0.016659,
      0.004893,
      0.007045
    ]
  },
  "VP-004": {
    "r_mean": 0.4647,
    "g_mean": 0.3669,
    "b_mean": 0.2898,
    "brightness": 0.3874,
    "color_temp": 0.1749,
    "saturation": 0.1757,
    "edge_density": 0.0217,
    "contrast": 0.2155,
    "hue_bucket": 7,
    "brightness_zones": [
      0.5784,
      0.5331,
      0.4446,
      0.452,
      0.2778,
      0.3294,
      0.4225,
      0.1895,
      0.2698
    ],
    "hist_r": [
      0.03059231505102041,
      0.1663544323979592,
      0.19206393494897958,
      0.22243702168367346,
      0.16579639668367346,
      0.07653061224489796,
      0.05532525510204082,
      0.0909000318877551
    ],
    "hist_g": [
      0.06788105867346939,
      0.24099170918367346,
      0.3077367665816326,
      0.18957270408163265,
      0.07475685586734694,
      0.046875,
      0.02626753826530612,
      0.04591836734693878
    ],
    "hist_b": [
      0.1192203443877551,
      0.4172313456632653,
      0.2654655612244898,
      0.08958466198979592,
      0.04143415178571429,
      0.017777423469387755,
      0.01211734693877551,
      0.03716916454081633
    ],
    "feature_vector": [
      0.237745,
      0.18771,
      0.148265,
      0.198198,
      0.089481,
      0.08989,
      0.011102,
      0.110252,
      0.511611,
      0.295916,
      0.27274,
      0.227462,
      0.231248,
      0.142125,
      0.168525,
      0.216155,
      0.09695,
      0.138033,
      0.015651,
      0.085109,
      0.098262,
      0.113801,
      0.084823,
      0.039154,
      0.028305,
      0.046505,
      0.034729,
      0.123294,
      0.157441,
      0.096987,
      0.038246,
      0.023982,
      0.013439,
      0.023492,
      0.060994,
      0.21346,
      0.135815,
      0.045832,
      0.021198,
      0.009095,
      0.006199,
      0.019016
    ]
  },
  "VP-005": {
    "r_mean": 0.2714,
    "g_mean": 0.241,
    "b_mean": 0.2147,
    "brightness": 0.2471,
    "color_temp": 0.0568,
    "saturation": 0.0571,
    "edge_density": 0.02,
    "contrast": 0.1543,
    "hue_bucket": 7,
    "brightness_zones": [
      0.191,
      0.145,
      0.1867,
      0.2336,
      0.2725,
      0.2676,
      0.3237,
      0.2231,
      0.3735
    ],
    "hist_r": [
      0.23046875,
      0.30042251275510207,
      0.19288105867346939,
      0.16962292729591838,
      0.07439811862244898,
      0.024473852040816327,
      0.003308354591836735,
      0.004424426020408163
    ],